{
    "vertices": [
        [
            0,
            15,
            0
        ],
        [
            16,
            -0.5,
            32.5
        ],
        [
            -16,
            -0.5,
            32.5
        ],
        [
            16,
            -15,
            -32.5
        ],
        [
            -16,
            -15,
            -32.5
        ],
        [
            -44,
            10,
            -32.5
        ],
        [
            -60,
            -3,
            -13
        ],
        [
            -65,
            -3,
            -32.5
        ],
        [
            44,
            10,
            -32.5
        ],
        [
            60,
            -3,
            -13
        ],
        [
            65,
            -3,
            -32.5
        ],
        [
            0,
            15,
            -32.5
        ]
    ],
    "normals": [],
    "names": [
        "cobra3_redux.png"
    ],
    "textures": [
        {
            "index": 0,
            "XYmax": [
                1,
                1
            ],
            "STs": [
                [
                    0.597272,
                    0.40327
                ],
                [
                    0.807101,
                    0.501509
                ],
                [
                    0.989045,
                    0.235094
                ]
            ]
        },
        {
            "index": 0,
            "XYmax": [
                1,
                1
            ],
            "STs": [
                [
                    0.59715,
                    0.599785
                ],
                [
                    0.807101,
                    0.501509
                ],
                [
                    0.597272,
                    0.40327
                ]
            ]
        },
        {
            "index": 0,
            "XYmax": [
                1,
                1
            ],
            "STs": [
                [
                    0.187142,
                    0.402521
                ],
                [
                    0.597272,
                    0.40327
                ],
                [
                    0.320941,
                    0.127925
                ]
            ]
        },
        {
            "index": 0,
            "XYmax": [
                1,
                1
            ],
            "STs": [
                [
                    0.187173,
                    0.59978
                ],
                [
                    0.59715,
                    0.599785
                ],
                [
                    0.597272,
                    0.40327
                ]
            ]
        },
        {
            "index": 0,
            "XYmax": [
                1,
                1
            ],
            "STs": [
                [
                    0.187173,
                    0.59978
                ],
                [
                    0.597272,
                    0.40327
                ],
                [
                    0.187142,
                    0.402521
                ]
            ]
        },
        {
            "index": 0,
            "XYmax": [
                1,
                1
            ],
            "STs": [
                [
                    0.187173,
                    0.59978
                ],
                [
                    0.201678,
                    0.91
                ],
                [
                    0.320416,
                    0.874519
                ]
            ]
        },
        {
            "index": 0,
            "XYmax": [
                1,
                1
            ],
            "STs": [
                [
                    0.989458,
                    0.768069
                ],
                [
                    0.807101,
                    0.501509
                ],
                [
                    0.59715,
                    0.599785
                ]
            ]
        },
        {
            "index": 0,
            "XYmax": [
                1,
                1
            ],
            "STs": [
                [
                    0.989458,
                    0.768069
                ],
                [
                    0.59715,
                    0.599785
                ],
                [
                    0.85732,
                    0.874027
                ]
            ]
        },
        {
            "index": 0,
            "XYmax": [
                1,
                1
            ],
            "STs": [
                [
                    0.320416,
                    0.874519
                ],
                [
                    0.59715,
                    0.599785
                ],
                [
                    0.187173,
                    0.59978
                ]
            ]
        },
        {
            "index": 0,
            "XYmax": [
                1,
                1
            ],
            "STs": [
                [
                    0.970709,
                    0.914429
                ],
                [
                    0.989458,
                    0.768069
                ],
                [
                    0.85732,
                    0.874027
                ]
            ]
        },
        {
            "index": 0,
            "XYmax": [
                1,
                1
            ],
            "STs": [
                [
                    0.989045,
                    0.235094
                ],
                [
                    0.807101,
                    0.501509
                ],
                [
                    0.997979,
                    0.501436
                ]
            ]
        },
        {
            "index": 0,
            "XYmax": [
                1,
                1
            ],
            "STs": [
                [
                    0.03188,
                    0.22963
                ],
                [
                    0.001961,
                    0.501656
                ],
                [
                    0.033533,
                    0.772816
                ]
            ]
        },
        {
            "index": 0,
            "XYmax": [
                1,
                1
            ],
            "STs": [
                [
                    0.03188,
                    0.22963
                ],
                [
                    0.033533,
                    0.772816
                ],
                [
                    0.114031,
                    0.902052
                ]
            ]
        },
        {
            "index": 0,
            "XYmax": [
                1,
                1
            ],
            "STs": [
                [
                    0.03188,
                    0.22963
                ],
                [
                    0.114031,
                    0.902052
                ],
                [
                    0.187173,
                    0.59978
                ]
            ]
        },
        {
            "index": 0,
            "XYmax": [
                1,
                1
            ],
            "STs": [
                [
                    0.03188,
                    0.22963
                ],
                [
                    0.187173,
                    0.59978
                ],
                [
                    0.187142,
                    0.402521
                ]
            ]
        },
        {
            "index": 0,