{
    "vertices": [
        [
            10,
            0,
            27.5
        ],
        [
            35,
            -1,
            0.5
        ],
        [
            27.5,
            -7.5,
            -27.5
        ],
        [
            0,
            6.5,
            0
        ],
        [
            16,
            7.5,
            -27.5
        ],
        [
            -27.5,
            -7.5,
            -27.5
        ],
        [
            -10,
            0,
            27.5
        ],
        [
            -35,
            -1,
            0.5
        ],
        [
            -16,
            7.5,
            -27.5
        ]
    ],
    "normals": [],
    "names": [
        "cobra1_redux.png"
    ],
    "textures": [
        {
            "index": 0,
            "XYmax": [
                1,
                1
            ],
            "STs": [
                [
                    0.000286,
                    0.638629
                ],
                [
                    0.22252,
                    0.71882
                ],
                [
                    0.438944,
                    0.591872
                ]
            ]
        },
        {
            "index": 0,
            "XYmax": [
                1,
                1
            ],
            "STs": [
                [
                    0.558471,
                    0.50053
                ],
                [
                    1,
                    0.640541
                ],
                [
                    0.786887,
                    0.439536
                ]
            ]
        },
        {
            "index": 0,
            "XYmax": [
                1,
                1
            ],
            "STs": [
                [
                    0.445148,
                    0.44266
                ],
                [
                    0.210482,
                    0.437609
                ],
                [
                    0.438944,
                    0.591872
                ]
            ]
        },
        {
            "index": 0,
            "XYmax": [
                1,
                1
            ],
            "STs": [
                [
                    0.22252,
                    0.71882
                ],
                [
                    0.000286,
                    0.638629
                ],
                [
                    0,
                    0.798235
                ]
            ]
        },
        {
            "index": 0,
            "XYmax": [
                1,
                1
            ],
            "STs": [
                [
                    0.438944,
                    0.591872
                ],
                [
                    0.210482,
                    0.437609
                ],
                [
                    0.000286,
                    0.638629
                ]
            ]
        },
        {
            "index": 0,
            "XYmax": [
                1,
                1
            ],
            "STs": [
                [
                    0.557738,
                    0.938242
                ],
                [
                    0.558471,
                    0.50053
                ],
                [
                    0.438944,
                    0.591872
                ]
            ]
        },
        {
            "index": 0,
            "XYmax": [
                1,
                1
            ],
            "STs": [
                [
                    0.557738,
                    0.938242
                ],
                [
                    0.438944,
                    0.591872
                ],
                [
                    0.438516,
                    0.84652
                ]
            ]
        },
        {
            "index": 0,
            "XYmax": [
                1,
                1
            ],
            "STs": [
                [
                    0.999734,
                    0.799709
                ],
                [
                    1,
                    0.640541
                ],
                [
                    0.558471,
                    0.50053
                ]
            ]
        },
        {
            "index": 0,
            "XYmax": [
                1,
                1
            ],
            "STs": [
                [
                    0.999734,
                    0.799709
                ],
                [
                    0.558471,
                    0.50053
                ],
                [
                    0.557738,
                    0.938242
                ]
            ]
        },
        {
            "index": 0,
            "XYmax": [
                1,
                1
            ],
            "STs": [
                [
                    0.999734,
                    0.799709
                ],
                [
                    0.557738,
                    0.938242
                ],
                [
                    0.785949,
                    1
                ]
            ]
        },
        {
            "index": 0,
            "XYmax": [
                1,
                1
            ],
            "STs": [
                [
                    0,
                    0.798235
                ],
                [
                    0.209494,
                    1
                ],
                [
                    0.438516,
                    0.84652
                ]
            ]
        },
        {
            "index": 0,
            "XYmax": [
                1,
                1
            ],
            "STs": [
                [
                    0.209494,
                    1
                ],
                [
                    0.444193,
                    0.995797
                ],
                [
                    0.438516,
                    0.84652
                ]
            ]
        },
        {
            "index": 0,
            "XYmax": [
                1,
                1
            ],
            "STs": [
                [
                    0.438516,
                    0.84652
                ],
                [
                    0.22252,
                    0.71882
                ],
                [
                    0,
                    0.798235
                ]
            ]
        },
        {
            "index": 0,
            "XYmax": [
                1,
                1
            ],
            "STs": [
                [
                    0.438516,
                    0.84652
                ],
                [
                    0.438944,
                    0.591872
                ],
                [
                    0.22252,
                    0.71882
                ]
            ]
        }
    ],
    "faces": [
        {
            "color": [
                127,
                127,
                127
            ],
            "normal": [
                0.20483,
                0.96659,
                0.15415
            ],
            "vertices": [
                0,
                3,
                4
            ]
        },
        {
            "color": [
                127,
                127,
                127
            ],
            "normal": [
                0.15858,
                -0.97028,
                0.18277
            ],